Andorran Peseta,ADP,0
UAE Dirham,AED,1
Afghani,AFA,0
Afghani,AFN,1
Old Lek,ALK,0
Lek,ALL,1
Armenian Dram,AMD,1
Netherlands Antillean Guilder,ANG,1
Kwanza,AOA,1
Kwanza,AOK,0
New Kwanza,AON,0
Kwanza Reajustado,AOR,0
Austral,ARA,0
Peso Argentino,ARP,0
Argentine Peso,ARS,1
Peso,ARY,0
Schilling,ATS,0
Australian Dollar,AUD,1
Aruban Florin,AWG,1
Azerbaijan Manat,AYM,0
Azerbaijanian Manat,AZM,0
Azerbaijan Manat,AZN,1
Dinar,BAD,0
Convertible Mark,BAM,1
Barbados Dollar,BBD,1
Taka,BDT,1
Convertible Franc,BEC,0
Belgian Franc,BEF,0
Financial Franc,BEL,0
Lev A/52,BGJ,0
Lev A/62,BGK,0
Lev,BGL,0
Bulgarian Lev,BGN,1
Bahraini Dinar,BHD,1
Burundi Franc,BIF,1
Bermudian Dollar,BMD,1
Brunei Dollar,BND,1
Boliviano,BOB,1
Peso boliviano,BOP,0
Mvdol,BOV,1
Cruzeiro,BRB,0
Cruzado,BRC,0
Cruzeiro,BRE,0
Brazilian Real,BRL,1
New Cruzado,BRN,0
Cruzeiro Real,BRR,0
Bahamian Dollar,BSD,1
Ngultrum,BTN,1
Kyat,BUK,0
Pula,BWP,1
Belarusian Ruble,BYB,0
Belarusian Ruble,BYN,1
Belarusian Ruble,BYR,0
Belize Dollar,BZD,1
Canadian Dollar,CAD,1
Congolese Franc,CDF,1
WIR Franc (for electronic),CHC,0
WIR Euro,CHE,1
Swiss Franc,CHF,1
WIR Franc,CHW,1
Unidad de Fomento,CLF,1
Chilean Peso,CLP,1
Yuan Renminbi,CNY,1
Colombian Peso,COP,1
Unidad de Valor Real,COU,1
Costa Rican Colon,CRC,1
Serbian Dinar,CSD,0
Krona A/53,CSJ,0
Koruna,CSK,0
Peso Convertible,CUC,1
Cuban Peso,CUP,1
Cabo Verde Escudo,CVE,1
Cyprus Pound,CYP,0
Czech Koruna,CZK,1
Mark der DDR,DDM,0
Deutsche Mark,DEM,0
Djibouti Franc,DJF,1
Danish Krone,DKK,1
Dominican Peso,DOP,1
Algerian Dinar,DZD,1
Sucre,ECS,0
Unidad de Valor Constante (UVC),ECV,0
Kroon,EEK,0
Egyptian Pound,EGP,1
Nakfa,ERN,1
Spanish Peseta,ESA,0
A Account (convertible Peseta Account),ESB,0
Spanish Peseta,ESP,0
Ethiopian Birr,ETB,1
Euro,EUR,1
Markka,FIM,0
Fiji Dollar,FJD,1
Falkland Islands Pound,FKP,1
French Franc,FRF,0
Pound Sterling,GBP,1
Georgian Coupon,GEK,0
Lari,GEL,1
Cedi,GHC,0
Ghana Cedi,GHP,0
Ghana Cedi,GHS,1
Gibraltar Pound,GIP,1
Dalasi,GMD,1
Syli,GNE,0
Guinean Franc,GNF,1
Syli,GNS,0
Ekwele,GQE,0
Drachma,GRD,0
Quetzal,GTQ,1
Guinea Escudo,GWE,0
Guinea-Bissau Peso,GWP,0
Guyana Dollar,GYD,1
Hong Kong Dollar,HKD,1
Lempira,HNL,1
Croatian Dinar,HRD,0
Kuna,HRK,1
Gourde,HTG,1
Forint,HUF,1
Rupiah,IDR,1
Irish Pound,IEP,0
Pound,ILP,0
Old Shekel,ILR,0
New Israeli Sheqel,ILS,1
Indian Rupee,INR,1
Iraqi Dinar,IQD,1
Iranian Rial,IRR,1
Old Krona,ISJ,0
Iceland Krona,ISK,1
Italian Lira,ITL,0
Jamaican Dollar,JMD,1
Jordanian Dinar,JOD,1
Yen,JPY,1
Kenyan Shilling,KES,1
Som,KGS,1
Riel,KHR,1
Comorian Franc,KMF,1
North Korean Won,KPW,1
Won,KRW,1
Kuwaiti Dinar,KWD,1
Cayman Islands Dollar,KYD,1
Tenge,KZT,1
Pathet Lao Kip,LAJ,0
Lao Kip,LAK,1
Lebanese Pound,LBP,1
Sri Lanka Rupee,LKR,1
Liberian Dollar,LRD,1
Loti,LSL,1
Loti,LSM,0
Lithuanian Litas,LTL,0
Talonas,LTT,0
Luxembourg Convertible Franc,LUC,0
Luxembourg Franc,LUF,0
Luxembourg Financial Franc,LUL,0
Latvian Lats,LVL,0
Latvian Ruble,LVR,0
Libyan Dinar,LYD,1
Moroccan Dirham,MAD,1
Moldovan Leu,MDL,1
Malagasy Ariary,MGA,1
Malagasy Franc,MGF,0
Denar,MKD,1
Mali Franc,MLF,0
Kyat,MMK,1
Tugrik,MNT,1
Pataca,MOP,1
Ouguiya,MRO,0
Ouguiya,MRU,1
Maltese Lira,MTL,0
Maltese Pound,MTP,0
Mauritius Rupee,MUR,1
Maldive Rupee,MVQ,0
Rufiyaa,MVR,1
Malawi Kwacha,MWK,1
Mexican Peso,MXN,1
Mexican Peso,MXP,0
Mexican Unidad de Inversion (UDI),MXV,1
Malaysian Ringgit,MYR,1
Mozambique Escudo,MZE,0
Mozambique Metical,MZN,1
No universal currency,N/A,1
Namibia Dollar,NAD,1
Naira,NGN,1
Cordoba,NIC,0
Cordoba Oro,NIO,1
Netherlands Guilder,NLG,0
Norwegian Krone,NOK,1
Nepalese Rupee,NPR,1
New Zealand Dollar,NZD,1
Rial Omani,OMR,1
Balboa,PAB,1
Sol,PEH,0
Inti,PEI,0
Sol,PEN,1
Sol,PES,0
Kina,PGK,1
Philippine Peso,PHP,1
Pakistan Rupee,PKR,1
Zloty,PLN,1
Zloty,PLZ,0
Portuguese Escudo,PTE,0
Guarani,PYG,1
Qatari Rial,QAR,1
Rhodesian Dollar,RHD,0
Leu A/52,ROK,0
Old Leu,ROL,0
Romanian Leu,RON,1
Serbian Dinar,RSD,1
Russian Ruble,RUB,1
Russian Ruble,RUR,0
Rwanda Franc,RWF,1
Saudi Riyal,SAR,1
Solomon Islands Dollar,SBD,1
Seychelles Rupee,SCR,1
Sudanese Dinar,SDD,0
Sudanese Pound,SDG,1
Sudanese Pound,SDP,0
Swedish Krona,SEK,1
Singapore Dollar,SGD,1
Saint Helena Pound,SHP,1
Tolar,SIT,0
Slovak Koruna,SKK,0
Leone,SLL,1
Somali Shilling,SOS,1
Surinam Dollar,SRD,1
Surinam Guilder,SRG,0
South Sudanese Pound,SSP,1
Dobra,STD,0
Dobra,STN,1
Rouble,SUR,0
El Salvador Colon,SVC,1
Syrian Pound,SYP,1
Lilangeni,SZL,1
Baht,THB,1
Tajik Ruble,TJR,0
Somoni,TJS,1
Turkmenistan Manat,TMM,0
Turkmenistan New Manat,TMT,1
Tunisian Dinar,TND,1
Pa'anga,TOP,1
Timor Escudo,TPE,0
Old Turkish Lira,TRL,0
Turkish Lira,TRY,1
Trinidad and Tobago Dollar,TTD,1
New Taiwan Dollar,TWD,1
Tanzanian Shilling,TZS,1
Hryvnia,UAH,1
Karbovanet,UAK,0
Uganda Shilling,UGS,0
Old Shilling,UGW,0
Uganda Shilling,UGX,1
US Dollar,USD,1
Uruguay Peso en Unidades Indexadas (UI),UYI,1
Old Uruguay Peso,UYN,0
Uruguayan Peso,UYP,0
Peso Uruguayo,UYU,1
Unidad Previsional,UYW,1
Uzbekistan Sum,UZS,1
Bolivar,VEB,0
Bolivar Fuerte,VEF,0
Bolivar Soberano,VES,1
Old Dong,VNC,0
Dong,VND,1
Vatu,VUV,1
Tala,WST,1
CFA Franc BEAC,XAF,1
Silver,XAG,1
Gold,XAU,1
East Caribbean Dollar,XCD,1
Gold-Franc,XFO,0
UIC-Franc,XFU,0
CFA Franc BCEAO,XOF,1
Palladium,XPD,1
CFP Franc,XPF,1
Platinum,XPT,1
RINET Funds Code,XRE,0
Sucre,XSU,1
ADB Unit of Account,XUA,1
Yemeni Dinar,YDD,0
Yemeni Rial,YER,1
New Yugoslavian Dinar,YUD,0
New Dinar,YUM,0
Yugoslavian Dinar,YUN,0
Financial Rand,ZAL,0
Rand,ZAR,1
Zambian Kwacha,ZMK,0
Zambian Kwacha,ZMW,1
New Zaire,ZRN,0
Zaire,ZRZ,0
Rhodesian Dollar,ZWC,0
Zimbabwe Dollar (old),ZWD,0
Zimbabwe Dollar,ZWL,1
Zimbabwe Dollar (new),ZWN,0
Zimbabwe Dollar,ZWR,0